<?xml version="1.0" encoding="US-ASCII" standalone="yes"?>
<limits>
 <runnerClassName>compbio.runner.muscle.Muscle</runnerClassName>
	<limit isDefault="true">
		<seqNumber>1000</seqNumber>
		<seqLength>1000</seqLength>
	</limit>
	<limit isDefault="false">
		<preset># LocalEngineExecutionLimit #</preset>
		<seqNumber>20</seqNumber>
		<seqLength>500</seqLength>
	</limit>
	
	<!-- Separate limits for presets	-->
	<limit isDefault="false">
		<preset>Protein alignment(Fastest speed)</preset>
		<seqNumber>2000</seqNumber>
		<seqLength>1000</seqLength>
	</limit>
	<limit isDefault="false">
		<preset>Nucleotide alignment(Fastest speed)</preset>
		<seqNumber>1000</seqNumber>
		<seqLength>3000</seqLength>
	</limit>
	<limit isDefault="false">
		<preset>Huge alignments (speed-oriented)</preset>
		<seqNumber>2000</seqNumber>
		<seqLength>3000</seqLength>
	</limit>
	 
</limits>
